--insert data to cities
-- insert into cities (name) values ('Lingdong');
-- insert into cities (name) values ('Masoli');
-- insert into cities (name) values ('Krajan Alastengah');
-- insert into cities (name) values ('Gorjani');
-- insert into cities (name) values ('Tumpang');
-- insert into cities (name) values ('San Juan');
-- insert into cities (name) values ('La Paz');
-- insert into cities (name) values ('Karpokhórion');
-- insert into cities (name) values ('Gaizhou');
-- insert into cities (name) values ('Fatualam');

-- --insert data to locations-- --
-- insert into locations (title, street, house_number, postal_code, city_name) 
-- values ('Radiation', 'Dorton', '802', '4550', 'Tumpang'),
--      ('Wheat Bunt', 'Arapahoe', '8', '3455', 'Fatualam'),
--      (null, 'Porter', '17', '345', 'Gaizhou'),
--      ('Ultravist', 'Kinsman', '489', '335', 'Gaizhou'),
--      (null, 'Vahlen', '83', '3630', 'Tumpang'),
--      (null, 'Russell', '1', '4115', 'Gorjani'),
--      ('Injury - Rescue', 'Kendy', '9076', '256', 'Fatualam'),
--      ('womens laxative', 'Harrt', '5', '2800', 'Masoli'),
--      (null, 'Memorial', '44', '889', 'Lingdong'),
--      ('Dryses Solution', 'Merrick', '7', '4299', 'Fatualam');

-- --insert data to users
-- insert into users (id, first_name, last_name, birthdate, email) values (1, 'Marcelline', 'Hollow', '1998-02-05', 'mhollow0@time.com');
-- insert into users (id, first_name, last_name, birthdate, email) values (2, 'Marshal', 'Stobie', '1991-03-08', 'mstobie1@wufoo.com');
-- insert into users (id, first_name, last_name, birthdate, email) values (3, 'Ruddie', 'Prandy', '1993-04-11', 'rprandy2@ameblo.jp');
-- insert into users (id, first_name, last_name, birthdate, email) values (4, 'Carie', 'Bradnam', '1998-08-28', 'cbradnam3@themeforest.net');
-- insert into users (id, first_name, last_name, birthdate, email) values (5, 'Shellysheldon', 'Anstiss', '1997-07-26', 'sanstiss4@nbcnews.com');
-- insert into users (id, first_name, last_name, birthdate, email) values (6, 'Uriah', 'McGeown', '2020-09-12', 'umcgeown5@usnews.com');
-- insert into users (id, first_name, last_name, birthdate, email) values (7, 'Darrin', 'Sansam', '2003-09-27', 'dsansam6@state.tx.us');
-- insert into users (id, first_name, last_name, birthdate, email) values (8, 'Fritz', 'Kebbell', '2016-11-10', 'fkebbell7@discuz.net');
-- insert into users (id, first_name, last_name, birthdate, email) values (9, 'Gloria', 'Caird', '2010-04-30', 'gcaird8@elpais.com');
-- insert into users (id, first_name, last_name, birthdate, email) values (10, 'Nicolle', 'McLennan', '2010-08-17', 'nmclennan9@indiatimes.com');
-- insert into users (id, first_name, last_name, birthdate, email) values (11, 'Elwira', 'Di Boldi', '1999-06-01', 'ediboldia@booking.com');
-- insert into users (id, first_name, last_name, birthdate, email) values (12, 'Dukey', 'Terne', '1993-03-23', 'dterneb@phpbb.com');
-- insert into users (id, first_name, last_name, birthdate, email) values (13, 'Godwin', 'Sommers', '1994-12-06', 'gsommersc@issuu.com');
-- insert into users (id, first_name, last_name, birthdate, email) values (14, 'Florella', 'Wholesworth', '2015-10-25', 'fwholesworthd@elegantthemes.com');
-- insert into users (id, first_name, last_name, birthdate, email) values (15, 'Orel', 'Tine', '2022-02-10', 'otinee@nytimes.com');
-- insert into users (id, first_name, last_name, birthdate, email) values (16, 'Nance', 'Winnister', '2015-02-06', 'nwinnisterf@prlog.org');
-- insert into users (id, first_name, last_name, birthdate, email) values (17, 'Rufe', 'Braisher', '2010-02-28', 'rbraisherg@theglobeandmail.com');
-- insert into users (id, first_name, last_name, birthdate, email) values (18, 'Lindsey', 'Cutforth', '2003-09-20', 'lcutforthh@moonfruit.com');
-- insert into users (id, first_name, last_name, birthdate, email) values (19, 'Leese', 'Dorn', '2007-03-08', 'ldorni@instagram.com');
-- insert into users (id, first_name, last_name, birthdate, email) values (20, 'Peta', 'Johansson', '2012-08-16', 'pjohanssonj@guardian.co.uk');
-- insert into users (id, first_name, last_name, birthdate, email) values (21, 'Moina', 'Damrel', '1997-02-28', 'mdamrelk@vistaprint.com');
-- insert into users (id, first_name, last_name, birthdate, email) values (22, 'Francine', 'Shiril', '2010-07-05', 'fshirill@java.com');
-- insert into users (id, first_name, last_name, birthdate, email) values (23, 'Pietro', 'Kumaar', '2008-08-31', 'pkumaarm@dot.gov');
-- insert into users (id, first_name, last_name, birthdate, email) values (24, 'Mari', 'Farlane', '2012-11-04', 'mfarlanen@creativecommons.org');
-- insert into users (id, first_name, last_name, birthdate, email) values (25, 'Beltran', 'Kembrey', '2004-10-07', 'bkembreyo@jimdo.com');
-- insert into users (id, first_name, last_name, birthdate, email) values (26, 'Dwight', 'Cheke', '2014-07-13', 'dchekep@ucoz.ru');
-- insert into users (id, first_name, last_name, birthdate, email) values (27, 'Roselin', 'Danslow', '2014-03-05', 'rdanslowq@de.vu');
-- insert into users (id, first_name, last_name, birthdate, email) values (28, 'Jami', 'Woolham', '2003-07-03', 'jwoolhamr@soup.io');
-- insert into users (id, first_name, last_name, birthdate, email) values (29, 'Afton', 'Sterricker', '2019-07-18', 'asterrickers@slashdot.org');
-- insert into users (id, first_name, last_name, birthdate, email) values (30, 'Ettie', 'Bather', '2005-09-30', 'ebathert@indiatimes.com');
-- insert into users (id, first_name, last_name, birthdate, email) values (31, 'Ximenez', 'Airdrie', '2014-03-31', 'xairdrieu@ed.gov');
-- insert into users (id, first_name, last_name, birthdate, email) values (32, 'Ingaberg', 'Barnett', '2009-12-07', 'ibarnettv@google.pl');
-- insert into users (id, first_name, last_name, birthdate, email) values (33, 'Sinclair', 'Scullin', '2014-03-15', 'sscullinw@163.com');
-- insert into users (id, first_name, last_name, birthdate, email) values (34, 'Nicoli', 'De la Zenne', '1994-05-27', 'ndelazennex@nps.gov');
-- insert into users (id, first_name, last_name, birthdate, email) values (35, 'Channa', 'Shadbolt', '2003-09-04', 'cshadbolty@blogspot.com');
-- insert into users (id, first_name, last_name, birthdate, email) values (36, 'Milton', 'Radnedge', '1998-04-02', 'mradnedgez@wp.com');
-- insert into users (id, first_name, last_name, birthdate, email) values (37, 'Andeee', 'Sazio', '2008-06-13', 'asazio10@youtu.be');
-- insert into users (id, first_name, last_name, birthdate, email) values (38, 'Christoforo', 'Van', '2003-06-12', 'cvan11@furl.net');
-- insert into users (id, first_name, last_name, birthdate, email) values (39, 'Nikos', 'Niave', '1996-05-19', 'nniave12@shop-pro.jp');
-- insert into users (id, first_name, last_name, birthdate, email) values (40, 'Randolf', 'Champneys', '2001-04-02', 'rchampneys13@army.mil');
-- insert into users (id, first_name, last_name, birthdate, email) values (41, 'Faythe', 'Simioli', '2009-07-14', 'fsimioli14@bizjournals.com');
-- insert into users (id, first_name, last_name, birthdate, email) values (42, 'Dahlia', 'Blowen', '2006-10-19', 'dblowen15@prlog.org');
-- insert into users (id, first_name, last_name, birthdate, email) values (43, 'Saree', 'Punshon', '1994-03-13', 'spunshon16@latimes.com');
-- insert into users (id, first_name, last_name, birthdate, email) values (44, 'Sharlene', 'Babin', '2020-09-06', 'sbabin17@yandex.ru');
-- insert into users (id, first_name, last_name, birthdate, email) values (45, 'Abby', 'Le Estut', '2004-03-18', 'aleestut18@fda.gov');
-- insert into users (id, first_name, last_name, birthdate, email) values (46, 'Johanna', 'Sweating', '2022-02-14', 'jsweating19@ovh.net');
-- insert into users (id, first_name, last_name, birthdate, email) values (47, 'Erica', 'Didball', '2001-02-01', 'edidball1a@fema.gov');
-- insert into users (id, first_name, last_name, birthdate, email) values (48, 'Yelena', 'Colquyte', '2001-07-18', 'ycolquyte1b@upenn.edu');
-- insert into users (id, first_name, last_name, birthdate, email) values (49, 'Olivie', 'Siverns', '1993-02-25', 'osiverns1c@sphinn.com');
-- insert into users (id, first_name, last_name, birthdate, email) values (50, 'Shela', 'Serraillier', '2014-05-01', 'sserraillier1d@techcrunch.com');
-- insert into users (id, first_name, last_name, birthdate, email) values (51, 'Trudy', 'Oley', '2016-07-18', 'toley1e@nsw.gov.au');
-- insert into users (id, first_name, last_name, birthdate, email) values (52, 'Lesli', 'Cesaric', '1997-11-28', 'lcesaric1f@ca.gov');
-- insert into users (id, first_name, last_name, birthdate, email) values (53, 'Amitie', 'Paynter', '1990-12-02', 'apaynter1g@lulu.com');
-- insert into users (id, first_name, last_name, birthdate, email) values (54, 'Perceval', 'Marczyk', '1993-09-07', 'pmarczyk1h@ebay.co.uk');
-- insert into users (id, first_name, last_name, birthdate, email) values (55, 'Pavlov', 'Arrell', '2017-12-13', 'parrell1i@hostgator.com');
-- insert into users (id, first_name, last_name, birthdate, email) values (56, 'Mel', 'Bordis', '2009-03-07', 'mbordis1j@feedburner.com');
-- insert into users (id, first_name, last_name, birthdate, email) values (57, 'Mathian', 'Pentony', '2005-12-02', 'mpentony1k@t-online.de');
-- insert into users (id, first_name, last_name, birthdate, email) values (58, 'Kimball', 'Mayze', '2005-12-23', 'kmayze1l@reddit.com');
-- insert into users (id, first_name, last_name, birthdate, email) values (59, 'Katalin', 'Yantsurev', '2016-07-28', 'kyantsurev1m@independent.co.uk');
-- insert into users (id, first_name, last_name, birthdate, email) values (60, 'Hastings', 'Grier', '2003-11-19', 'hgrier1n@fda.gov');
-- insert into users (id, first_name, last_name, birthdate, email) values (61, 'Barnabas', 'Poate', '2000-01-13', 'bpoate1o@fotki.com');
-- insert into users (id, first_name, last_name, birthdate, email) values (62, 'Guido', 'Wrotchford', '2019-04-15', 'gwrotchford1p@netlog.com');
-- insert into users (id, first_name, last_name, birthdate, email) values (63, 'Albertine', 'Yantsev', '2008-01-11', 'ayantsev1q@upenn.edu');
-- insert into users (id, first_name, last_name, birthdate, email) values (64, 'Carine', 'Fawkes', '2005-05-30', 'cfawkes1r@technorati.com');
-- insert into users (id, first_name, last_name, birthdate, email) values (65, 'Norah', 'Goomes', '2009-06-06', 'ngoomes1s@who.int');
-- insert into users (id, first_name, last_name, birthdate, email) values (66, 'Vikki', 'Wallwork', '1999-08-04', 'vwallwork1t@mozilla.com');
-- insert into users (id, first_name, last_name, birthdate, email) values (67, 'Izak', 'Genney', '1998-08-06', 'igenney1u@admin.ch');
-- insert into users (id, first_name, last_name, birthdate, email) values (68, 'Jennette', 'Geekin', '1993-08-13', 'jgeekin1v@amazon.com');
-- insert into users (id, first_name, last_name, birthdate, email) values (69, 'Garry', 'Yeoland', '1997-02-20', 'gyeoland1w@sohu.com');
-- insert into users (id, first_name, last_name, birthdate, email) values (70, 'Sileas', 'Densell', '1996-08-23', 'sdensell1x@nhs.uk');
-- insert into users (id, first_name, last_name, birthdate, email) values (71, 'Norine', 'Borzone', '2008-11-05', 'nborzone1y@kickstarter.com');
-- insert into users (id, first_name, last_name, birthdate, email) values (72, 'Kameko', 'Chatt', '2019-09-10', 'kchatt1z@sakura.ne.jp');
-- insert into users (id, first_name, last_name, birthdate, email) values (73, 'Kellia', 'Raffon', '1995-09-12', 'kraffon20@comsenz.com');
-- insert into users (id, first_name, last_name, birthdate, email) values (74, 'Guenevere', 'Huie', '2008-03-12', 'ghuie21@fastcompany.com');
-- insert into users (id, first_name, last_name, birthdate, email) values (75, 'Tammy', 'Beckerleg', '2001-10-16', 'tbeckerleg22@shop-pro.jp');
-- insert into users (id, first_name, last_name, birthdate, email) values (76, 'Lanie', 'Peealess', '1990-09-07', 'lpeealess23@cisco.com');
-- insert into users (id, first_name, last_name, birthdate, email) values (77, 'Onfre', 'Hindrich', '1996-12-26', 'ohindrich24@go.com');
-- insert into users (id, first_name, last_name, birthdate, email) values (78, 'Ford', 'Mungham', '2020-01-17', 'fmungham25@woothemes.com');
-- insert into users (id, first_name, last_name, birthdate, email) values (79, 'Etan', 'Burstowe', '1999-10-29', 'eburstowe26@gnu.org');
-- insert into users (id, first_name, last_name, birthdate, email) values (80, 'Harcourt', 'Upham', '2012-11-30', 'hupham27@netlog.com');
-- insert into users (id, first_name, last_name, birthdate, email) values (81, 'Stella', 'Wheble', '1996-04-29', 'swheble28@psu.edu');
-- insert into users (id, first_name, last_name, birthdate, email) values (82, 'Kayla', 'Cosens', '2002-11-05', 'kcosens29@privacy.gov.au');
-- insert into users (id, first_name, last_name, birthdate, email) values (83, 'Lolita', 'Aleksich', '1991-09-09', 'laleksich2a@prweb.com');
-- insert into users (id, first_name, last_name, birthdate, email) values (84, 'Emilia', 'Gantzer', '2000-04-15', 'egantzer2b@fotki.com');
-- insert into users (id, first_name, last_name, birthdate, email) values (85, 'Antoni', 'Goncaves', '2012-10-28', 'agoncaves2c@amazon.co.uk');
-- insert into users (id, first_name, last_name, birthdate, email) values (86, 'Jorie', 'Leroux', '2001-01-22', 'jleroux2d@friendfeed.com');
-- insert into users (id, first_name, last_name, birthdate, email) values (87, 'Robby', 'Haymes', '2021-09-26', 'rhaymes2e@scientificamerican.com');
-- insert into users (id, first_name, last_name, birthdate, email) values (88, 'Tricia', 'Elwood', '2018-02-04', 'telwood2f@addthis.com');
-- insert into users (id, first_name, last_name, birthdate, email) values (89, 'Marysa', 'Hufton', '1996-04-25', 'mhufton2g@ycombinator.com');
-- insert into users (id, first_name, last_name, birthdate, email) values (90, 'Tobey', 'Runnett', '2005-07-29', 'trunnett2h@google.it');
-- insert into users (id, first_name, last_name, birthdate, email) values (91, 'Howey', 'Keyte', '2006-05-03', 'hkeyte2i@myspace.com');
-- insert into users (id, first_name, last_name, birthdate, email) values (92, 'Yard', 'Lockhurst', '1990-10-09', 'ylockhurst2j@youtube.com');
-- insert into users (id, first_name, last_name, birthdate, email) values (93, 'Adelind', 'Guirard', '1997-04-14', 'aguirard2k@netlog.com');
-- insert into users (id, first_name, last_name, birthdate, email) values (94, 'Thelma', 'Gaskamp', '2021-08-18', 'tgaskamp2l@wired.com');
-- insert into users (id, first_name, last_name, birthdate, email) values (95, 'Rowney', 'Garbar', '1994-09-03', 'rgarbar2m@theglobeandmail.com');
-- insert into users (id, first_name, last_name, birthdate, email) values (96, 'Lorinda', 'Martindale', '1993-12-13', 'lmartindale2n@chronoengine.com');
-- insert into users (id, first_name, last_name, birthdate, email) values (97, 'Carolus', 'Sydall', '2017-08-07', 'csydall2o@mozilla.com');
-- insert into users (id, first_name, last_name, birthdate, email) values (98, 'Davide', 'Harbard', '2018-07-05', 'dharbard2p@vistaprint.com');
-- insert into users (id, first_name, last_name, birthdate, email) values (99, 'Daria', 'Leinthall', '1993-11-29', 'dleinthall2q@ask.com');
-- insert into users (id, first_name, last_name, birthdate, email) values (100, 'Maynord', 'Shanks', '1991-11-02', 'mshanks2r@soup.io');

-- --orginizers data
-- insert into organizers (password, user_id) values ('M8wmvni', 1);
-- insert into organizers (password, user_id) values ('mTajEonv', 2);
-- insert into organizers (password, user_id) values ('jzf8K7kY5fR', 3);
-- insert into organizers (password, user_id) values ('l7tSCl4hGG', 4);
-- insert into organizers (password, user_id) values ('KA7THyK9', 5);
-- insert into organizers (password, user_id) values ('oMfTWsfzfk', 6);
-- insert into organizers (password, user_id) values ('1SvzAeJwp9Fj', 7);
-- insert into organizers (password, user_id) values ('y4qQ4AnsE', 8);
-- insert into organizers (password, user_id) values ('LEEknNCZ', 9);
-- insert into organizers (password, user_id) values ('GKQ3Fa1tLl', 10);

----tags
-- insert into tags (name) values ('value12');
-- insert into tags (name) values ('value5');
-- insert into tags (name) values ('value9');
-- insert into tags (name) values ('value6');
-- insert into tags (name) values ('value1');
-- insert into tags (name) values ('value172');
-- insert into tags (name) values ('value03');
-- insert into tags (name) values ('value59');
-- insert into tags (name) values ('value3');
-- insert into tags (name) values ('value13');

----events 
-- insert into events (id, name, date_planned, image, description, max_participants, location_id, organizer_id) values (1, 'Uniform Whiskey Charlie Oscar India Lima Foxtrot Victor Hotel Quebec Tango Golf Bravo Papa X-ray Romeo Yankee Alfa November Zulu', '2002-12-14', 'http://dummyimage.com/218x244.png/cc0000/ffffff', 'IS85 0596 0584 2566 4756 6069 06', 26, 3, 9);
-- insert into events (id, name, date_planned, image, description, max_participants, location_id, organizer_id) values (2, 'Alfa Hotel Lima Yankee India Victor X-ray Foxtrot Romeo Papa Golf Charlie Quebec Bravo Whiskey Echo Tango Sierra Mike Oscar', '2019-02-17', 'http://dummyimage.com/103x167.png/ff4444/ffffff', 'PK67 FUPP EEWE 5P28 4KR4 G258', 20, 4, 10);
-- insert into events (id, name, date_planned, image, description, max_participants, location_id, organizer_id) values (3, 'Sierra Oscar Foxtrot Bravo X-ray Zulu Quebec Golf Tango Charlie November Whiskey Kilo Echo Lima Victor Papa Yankee', '2018-04-14', 'http://dummyimage.com/119x145.png/dddddd/000000', 'IL87 8210 8029 1959 6609 073', 16, 3, 7);
-- insert into events (id, name, date_planned, image, description, max_participants, location_id, organizer_id) values (4, 'Uniform Yankee Juliett Alfa Zulu Echo Whiskey X-ray November Sierra Charlie Quebec Delta Romeo Tango', '2010-05-02', 'http://dummyimage.com/201x152.png/cc0000/ffffff', 'LB32 3846 YKXT LJMT Z6VQ 5XRX 7SON', 5, 6, 5);
-- insert into events (id, name, date_planned, image, description, max_participants, location_id, organizer_id) values (5, 'Quebec Charlie Delta Yankee Mike Whiskey Romeo Foxtrot X-ray India Alfa Echo', '2008-06-12', 'http://dummyimage.com/184x160.png/ff4444/ffffff', 'LV06 SARH USES 0RXM X3UZ F', 23, 3, 3);
-- insert into events (id, name, date_planned, image, description, max_participants, location_id, organizer_id) values (6, 'Yankee Quebec Echo Uniform Tango Romeo Victor X-ray Charlie Zulu Juliett Delta India Sierra Hotel November Oscar Whiskey Golf Lima', '2021-07-23', 'http://dummyimage.com/226x173.png/cc0000/ffffff', 'RO62 UWBE URBW K4KZ WMXA AZ2P', 10, 9, 6);
-- insert into events (id, name, date_planned, image, description, max_participants, location_id, organizer_id) values (7, 'Whiskey Yankee Bravo India Tango Victor Golf Quebec Delta Charlie Alfa Oscar Mike Hotel November Juliett Papa', '2012-12-03', 'http://dummyimage.com/122x130.png/dddddd/000000', 'GE15 WR01 5234 8015 7429 97', 10, 4, 4);
-- insert into events (id, name, date_planned, image, description, max_participants, location_id, organizer_id) values (8, 'November Whiskey Echo Oscar Kilo Sierra Zulu Yankee Romeo X-ray Papa Victor', '2021-09-23', 'http://dummyimage.com/173x232.png/dddddd/000000', 'CY40 5005 6670 HFWK OOBK DSG0 RXT4', 47, 3, 7);
-- insert into events (id, name, date_planned, image, description, max_participants, location_id, organizer_id) values (9, 'Papa Yankee Hotel Bravo Foxtrot Mike Oscar Victor Juliett Quebec Delta Alfa', '2017-05-16', 'http://dummyimage.com/130x158.png/dddddd/000000', 'GT49 ISY5 7UXJ VZBU ZVHP XGBG 0PEQ', 50, 5, 2);
-- insert into events (id, name, date_planned, image, description, max_participants, location_id, organizer_id) values (10, 'Mike Quebec Sierra X-ray Zulu Romeo Bravo Yankee Papa Uniform Kilo Foxtrot Delta Lima India Whiskey Tango Alfa Golf', '2019-12-02', 'http://dummyimage.com/171x128.png/ff4444/ffffff', 'FR54 5233 2305 092P RBJ1 7VQ6 P76', 36, 3, 6);

----
insert into events_users (event_id, user_id) values (5, 6);
insert into events_users (event_id, user_id) values (5, 4);
insert into events_users (event_id, user_id) values (1, 5);
insert into events_users (event_id, user_id) values (9, 3);
insert into events_users (event_id, user_id) values (6, 4);
insert into events_users (event_id, user_id) values (8, 1);
insert into events_users (event_id, user_id) values (8, 3);
insert into events_users (event_id, user_id) values (1, 10);
insert into events_users (event_id, user_id) values (10, 1);
insert into events_users (event_id, user_id) values (7, 6);

insert into events_tags (event_id, tag_name) values (8, 'value12');
insert into events_tags (event_id, tag_name) values (8, 'value3');
insert into events_tags (event_id, tag_name) values (9, 'value3');
insert into events_tags (event_id, tag_name) values (1, 'value12');
insert into events_tags (event_id, tag_name) values (3, 'value3');